,MIN,MAX
cont_pmco_ajm,-1.0,175.0
cont_pmdoscinco_ajm,-1.0,127.0
cont_nox_ajm,-1.0,145.0
cont_co_ajm,-1.0,2.1
cont_nodos_ajm,-1.0,106.0
cont_no_ajm,-1.0,96.0
cont_otres_ajm,0.0,196.0
cont_sodos_ajm,-1.0,93.0
cont_pmdiez_ajm,-1.0,205.0
weekday,1.0,7.0
sinWeekday,0.01253604390908819,0.9874639560909118
year,2015.0,2018.0
month,1.0,12.0
sinMonth,0.005089279059533658,0.9949107209404664
day,1.0,31.0
sinDay,0.0011656154047304246,0.9988343845952696
valLab,0.0,2.0
U10,-11.32717990875244,13.802447319030762
U10.1,-11.508637428283693,13.654791831970215
U10.2,-11.6859712600708,13.530059814453125
U10.3,-11.790188789367676,13.77934
U10.4,-10.427783966064453,11.781536102294922
U10.5,-10.102971076965332,11.578798294067385
U10.6,-10.452170372009276,12.43688678741455
U10.7,-10.205033302307127,12.623074531555176
U10.8,-10.427783966064453,11.781536102294922
U10.9,-10.102971076965332,11.578798294067385
U10.10,-10.452170372009276,12.43688678741455
U10.11,-10.205033302307127,12.623074531555176
U10.12,-10.427783966064453,11.781536102294922
U10.13,-10.102971076965332,11.578798294067385
U10.14,-10.452170372009276,12.43688678741455
U10.15,-10.205033302307127,12.623074531555176
U10.16,-10.427783966064453,11.781536102294922
U10.17,-10.102971076965332,11.578798294067385
U10.18,-10.452170372009276,12.43688678741455
U10.19,-10.205033302307127,12.623074531555176
U10.20,-10.427783966064453,11.781536102294922
U10.21,-10.102971076965332,11.578798294067385
U10.22,-10.452170372009276,12.43688678741455
U10.23,-10.205033302307127,12.623074531555176
U10.24,-10.427783966064453,11.781536102294922
U10.25,-10.102971076965332,11.578798294067385
U10.26,-10.452170372009276,12.43688678741455
U10.27,-10.205033302307127,12.623074531555176
U10.28,-10.427783966064453,11.781536102294922
U10.29,-10.102971076965332,11.578798294067385
U10.30,-10.452170372009276,12.43688678741455
U10.31,-10.205033302307127,12.623074531555176
U10.32,-10.427783966064453,11.781536102294922
U10.33,-10.102971076965332,11.578798294067385
U10.34,-10.452170372009276,12.43688678741455
U10.35,-10.205033302307127,12.623074531555176
U10.36,-10.427783966064453,11.781536102294922
U10.37,-10.102971076965332,11.578798294067385
U10.38,-10.452170372009276,12.43688678741455
U10.39,-10.205033302307127,12.623074531555176
U10.40,-10.427783966064453,11.781536102294922
U10.41,-10.102971076965332,11.578798294067385
U10.42,-10.452170372009276,12.43688678741455
U10.43,-10.205033302307127,12.623074531555176
U10.44,-10.427783966064453,11.781536102294922
U10.45,-10.102971076965332,11.578798294067385
U10.46,-10.452170372009276,12.43688678741455
U10.47,-10.205033302307127,12.623074531555176
U10.48,-10.427783966064453,11.781536102294922
U10.49,-10.102971076965332,11.578798294067385
U10.50,-10.452170372009276,12.43688678741455
U10.51,-10.205033302307127,12.623074531555176
U10.52,-10.427783966064453,11.781536102294922
U10.53,-10.102971076965332,11.578798294067385
U10.54,-10.452170372009276,12.43688678741455
U10.55,-10.205033302307127,12.623074531555176
U10.56,-10.427783966064453,11.781536102294922
U10.57,-10.102971076965332,11.578798294067385
U10.58,-10.452170372009276,12.43688678741455
U10.59,-10.205033302307127,12.623074531555176
U10.60,-10.427783966064453,11.781536102294922
U10.61,-10.102971076965332,11.578798294067385
U10.62,-10.452170372009276,12.43688678741455
U10.63,-10.205033302307127,12.623074531555176
U10.64,-10.427783966064453,11.781536102294922
U10.65,-10.102971076965332,11.578798294067385
U10.66,-10.452170372009276,12.43688678741455
U10.67,-10.205033302307127,12.623074531555176
U10.68,-10.427783966064453,11.781536102294922
U10.69,-10.102971076965332,11.578798294067385
U10.70,-10.452170372009276,12.43688678741455
U10.71,-10.205033302307127,12.623074531555176
U10.72,-10.427783966064453,11.781536102294922
U10.73,-10.102971076965332,11.578798294067385
U10.74,-10.452170372009276,12.43688678741455
U10.75,-10.205033302307127,12.623074531555176
U10.76,-10.427783966064453,11.781536102294922
U10.77,-10.102971076965332,11.578798294067385
U10.78,-10.452170372009276,12.43688678741455
U10.79,-10.196582794189453,12.623074531555176
U10.80,-10.427783966064453,11.781536102294922
U10.81,-10.102971076965332,11.578798294067385
U10.82,-10.30433464050293,12.44626522064209
U10.83,-9.857318878173828,12.728313446044922
U10.84,-10.427783966064453,11.781536102294922
U10.85,-9.93223762512207,11.529296875
U10.86,-9.933831214904783,12.44626522064209
U10.87,-9.469660758972168,12.728313446044922
U10.88,-10.427783966064453,11.497496604919435
U10.89,-9.896485328674316,11.529296875
U10.90,-9.735050201416016,12.44626522064209
U10.91,-9.646242141723633,12.728313446044922
U10.92,-10.09976577758789,11.497496604919435
U10.93,-9.54174518585205,11.529296875
U10.94,-9.409090042114258,12.44626522064209
U10.95,-9.646242141723633,12.728313446044922
U10.96,-9.51396369934082,11.497496604919435
U10.97,-9.297403335571287,11.529296875
U10.98,-9.409090042114258,12.44626522064209
U10.99,-9.646242141723633,12.728313446044922
V10,-9.515328407287598,11.825858116149902
V10.1,-9.660719871520996,11.783822059631348
V10.2,-9.76634120941162,11.771514892578125
V10.3,-9.861125946044922,11.807217597961426
V10.4,-8.169229507446289,11.123939514160156
V10.5,-9.083313941955566,10.454334259033203
V10.6,-8.864394187927246,10.945616722106934
V10.7,-8.834306716918945,11.114409446716307
V10.8,-8.169229507446289,11.123939514160156
V10.9,-9.083313941955566,10.454334259033203
V10.10,-8.864394187927246,10.945616722106934
V10.11,-8.834306716918945,11.114409446716307
V10.12,-8.169229507446289,11.123939514160156
V10.13,-9.083313941955566,10.454334259033203
V10.14,-8.864394187927246,10.945616722106934
V10.15,-8.834306716918945,11.114409446716307
V10.16,-8.169229507446289,11.123939514160156
V10.17,-9.083313941955566,10.454334259033203
V10.18,-8.864394187927246,10.945616722106934
V10.19,-8.834306716918945,11.114409446716307
V10.20,-8.169229507446289,11.123939514160156
V10.21,-9.083313941955566,10.454334259033203
V10.22,-8.864394187927246,10.945616722106934
V10.23,-8.834306716918945,11.114409446716307
V10.24,-8.169229507446289,11.246442794799805
V10.25,-8.31632137298584,10.455594062805176
V10.26,-8.864394187927246,10.945616722106934
V10.27,-8.834306716918945,11.114409446716307
V10.28,-7.112569332122803,12.818078994750975
V10.29,-7.791194438934326,11.936962127685547
V10.30,-6.965597152709961,11.420595169067385
V10.31,-7.782905101776122,11.49956226348877
V10.32,-7.112569332122803,12.818078994750975
V10.33,-9.083313941955566,12.383206367492676
V10.34,-8.19987964630127,12.586413383483887
V10.35,-7.782905101776122,12.556891441345215
V10.36,-8.169229507446289,12.818078994750975
V10.37,-9.083313941955566,12.383206367492676
V10.38,-8.19987964630127,12.586413383483887
V10.39,-7.782905101776122,12.556891441345215
V10.40,-8.169229507446289,12.818078994750975
V10.41,-9.083313941955566,12.383206367492676
V10.42,-8.19987964630127,12.586413383483887
V10.43,-7.782905101776122,12.556891441345215
V10.44,-8.169229507446289,12.818078994750975
V10.45,-9.083313941955566,12.383206367492676
V10.46,-8.19987964630127,12.586413383483887
V10.47,-7.782905101776122,12.556891441345215
V10.48,-8.169229507446289,12.818078994750975
V10.49,-9.083313941955566,12.383206367492676
V10.50,-8.19987964630127,12.586413383483887
V10.51,-7.782905101776122,12.556891441345215
V10.52,-8.169229507446289,12.818078994750975
V10.53,-9.083313941955566,12.383206367492676
V10.54,-8.19987964630127,12.586413383483887
V10.55,-7.782905101776122,12.556891441345215
V10.56,-8.169229507446289,12.818078994750975
V10.57,-9.083313941955566,12.383206367492676
V10.58,-8.19987964630127,12.586413383483887
V10.59,-7.782905101776122,12.556891441345215
V10.60,-8.169229507446289,12.818078994750975
V10.61,-9.083313941955566,12.383206367492676
V10.62,-8.19987964630127,12.586413383483887
V10.63,-7.782905101776122,12.556891441345215
V10.64,-8.169229507446289,12.818078994750975
V10.65,-9.083313941955566,12.383206367492676
V10.66,-8.19987964630127,12.586413383483887
V10.67,-7.782905101776122,12.556891441345215
V10.68,-8.169229507446289,12.818078994750975
V10.69,-9.083313941955566,12.383206367492676
V10.70,-8.19987964630127,12.586413383483887
V10.71,-7.782905101776122,12.556891441345215
V10.72,-8.169229507446289,12.818078994750975
V10.73,-9.083313941955566,12.383206367492676
V10.74,-8.19987964630127,12.586413383483887
V10.75,-7.782905101776122,12.556891441345215
V10.76,-8.169229507446289,12.818078994750975
V10.77,-9.083313941955566,12.383206367492676
V10.78,-8.19987964630127,12.586413383483887
V10.79,-7.782905101776122,12.556891441345215
V10.80,-8.169229507446289,12.818078994750975
V10.81,-9.083313941955566,12.383206367492676
V10.82,-8.19987964630127,12.586413383483887
V10.83,-7.782905101776122,12.556891441345215
V10.84,-8.169229507446289,12.818078994750975
V10.85,-9.083313941955566,12.383206367492676
V10.86,-8.19987964630127,12.586413383483887
V10.87,-7.782905101776122,12.556891441345215
V10.88,-8.169229507446289,12.818078994750975
V10.89,-9.083313941955566,12.383206367492676
V10.90,-8.19987964630127,12.586413383483887
V10.91,-7.628792285919189,12.556891441345215
V10.92,-8.169229507446289,12.818078994750975
V10.93,-8.31632137298584,12.383206367492676
V10.94,-7.81611442565918,12.586413383483887
V10.95,-7.356777667999268,12.556891441345215
V10.96,-7.825512886047362,12.818078994750975
V10.97,-8.342198371887207,12.383206367492676
V10.98,-7.445478439331055,12.586413383483887
V10.99,-7.27312707901001,12.556891441345215
RAINC,-2.8428035e-10,18.03070068359375
RAINC.1,-6.855030987296118e-10,19.42507743835449
RAINC.2,-1.1238947550396006e-09,10.629536628723145
RAINC.3,-2.1329457644547745e-10,12.374139785766602
RAINC.4,-6.8989175e-10,19.35124397277832
RAINC.5,-6.855030987296118e-10,22.31891632080078
RAINC.6,-1.1238947550396006e-09,11.125990867614746
RAINC.7,-7.520041811481804e-10,13.898040771484375
RAINC.8,-6.8989175e-10,20.149436950683594
RAINC.9,-6.855030987296118e-10,24.1240348815918
RAINC.10,-1.1238947550396006e-09,12.942254066467285
RAINC.11,-7.520041811481804e-10,14.750496864318848
RAINC.12,-6.8989175e-10,20.46940803527832
RAINC.13,-6.855030987296118e-10,25.06049919128418
RAINC.14,-1.1238947550396006e-09,14.359909057617188
RAINC.15,-7.520041811481804e-10,15.533161163330078
RAINC.16,-6.8989175e-10,20.5711727142334
RAINC.17,-6.855030987296118e-10,25.48697662353516
RAINC.18,-1.1238947550396006e-09,16.2559814453125
RAINC.19,-7.520041811481804e-10,18.01732635498047
RAINC.20,-6.8989175e-10,21.077943801879886
RAINC.21,-6.855030987296118e-10,26.33673667907715
RAINC.22,-1.1238947550396006e-09,18.9244441986084
RAINC.23,-7.520041811481804e-10,21.206239700317386
RAINC.24,-6.8989175e-10,21.52732276916504
RAINC.25,-6.855030987296118e-10,26.91930389404297
RAINC.26,-1.1238947550396006e-09,20.47800636291504
RAINC.27,-7.520041811481804e-10,22.241121292114254
RAINC.28,-6.8989175e-10,21.759103775024414
RAINC.29,-6.855030987296118e-10,27.229188919067386
RAINC.30,-1.1238947550396006e-09,23.22200012207031
RAINC.31,-7.520041811481804e-10,25.439064025878906
RAINC.32,-6.8989175e-10,21.84811782836914
RAINC.33,-6.855030987296118e-10,27.2822265625
RAINC.34,-2.201079180030874e-10,24.82656669616699
RAINC.35,-7.520041811481804e-10,27.88439750671387
RAINC.36,-6.8989175e-10,22.74666976928711
RAINC.37,-6.855030987296118e-10,27.37775802612305
RAINC.38,-2.201079180030874e-10,25.785463333129893
RAINC.39,-7.520041811481804e-10,29.34331130981445
RAINC.40,-6.8989175e-10,23.60230255126953
RAINC.41,-6.855030987296118e-10,27.52433586120605
RAINC.42,-2.201079180030874e-10,26.932758331298828
RAINC.43,-7.520041811481804e-10,30.01107215881348
RAINC.44,-6.8989175e-10,23.857391357421875
RAINC.45,-6.855030987296118e-10,27.68193435668945
RAINC.46,-1.1238947550396006e-09,28.520835876464844
RAINC.47,-7.520041811481804e-10,31.336181640625
RAINC.48,-6.8989175e-10,23.86463165283203
RAINC.49,-6.855030987296118e-10,27.70569038391113
RAINC.50,-1.1238947550396006e-09,29.15671539306641
RAINC.51,-7.520041811481804e-10,32.37074661254883
RAINC.52,-6.8989175e-10,23.86463165283203
RAINC.53,-6.855030987296118e-10,27.718585968017567
RAINC.54,-1.1238947550396006e-09,29.216785430908203
RAINC.55,-7.520041811481804e-10,32.40821075439453
RAINC.56,-6.8989175e-10,23.86463165283203
RAINC.57,-6.855030987296118e-10,27.720067977905273
RAINC.58,-1.1238947550396006e-09,29.6699161529541
RAINC.59,-7.520041811481804e-10,32.812393188476555
RAINC.60,-6.8989175e-10,23.86463165283203
RAINC.61,-6.855030987296118e-10,27.720067977905273
RAINC.62,-1.1238947550396006e-09,29.919544219970703
RAINC.63,-7.520041811481804e-10,33.07387924194336
RAINC.64,-6.8989175e-10,23.86463165283203
RAINC.65,-6.855030987296118e-10,27.720067977905273
RAINC.66,-1.1238947550396006e-09,30.075284957885746
RAINC.67,-7.520041811481804e-10,33.40558242797852
RAINC.68,-6.8989175e-10,23.86838531494141
RAINC.69,-6.855030987296118e-10,27.720067977905273
RAINC.70,-1.1238947550396006e-09,30.26342010498047
RAINC.71,-7.520041811481804e-10,33.62924575805664
RAINC.72,-6.8989175e-10,23.87076568603516
RAINC.73,-6.855030987296118e-10,27.7360897064209
RAINC.74,-1.1238947550396006e-09,30.7342529296875
RAINC.75,-7.520041811481804e-10,34.37856292724609
RAINC.76,-6.8989175e-10,23.911657333374023
RAINC.77,-6.855030987296118e-10,27.78193283081055
RAINC.78,-1.1238947550396006e-09,31.49830818176269
RAINC.79,-7.520041811481804e-10,35.555049896240234
RAINC.80,-6.8989175e-10,24.05190849304199
RAINC.81,-6.855030987296118e-10,27.848451614379893
RAINC.82,-1.1238947550396006e-09,32.708370208740234
RAINC.83,-7.520041811481804e-10,36.28794479370117
RAINC.84,-6.8989175e-10,24.24382972717285
RAINC.85,-6.855030987296118e-10,28.037599563598643
RAINC.86,-1.1238947550396006e-09,34.48440170288086
RAINC.87,-7.520041811481804e-10,37.65419387817383
RAINC.88,-6.8989175e-10,24.513322830200195
RAINC.89,-6.855030987296118e-10,28.871564865112305
RAINC.90,-2.201079180030874e-10,35.86782455444336
RAINC.91,-4.626351246539429e-10,40.65755462646485
RAINC.92,-6.8989175e-10,24.94819259643555
RAINC.93,-3.836203021911898e-10,29.986438751220703
RAINC.94,-2.201079180030874e-10,36.47901153564453
RAINC.95,-4.626351246539429e-10,43.97871398925781
RAINC.96,-6.8989175e-10,26.31690788269043
RAINC.97,-3.836203021911898e-10,30.79507255554199
RAINC.98,-2.201079180030874e-10,36.54509353637695
RAINC.99,-6.943060015807134e-10,45.44994354248047
T2,0.0,303.1396179199219
T2.1,0.0,303.2851257324219
T2.2,0.0,303.3836669921875
T2.3,0.0,303.3659362792969
T2.4,0.0,303.1396179199219
T2.5,0.0,303.2851257324219
T2.6,0.0,303.3836669921875
T2.7,0.0,303.3659362792969
T2.8,0.0,303.1396179199219
T2.9,0.0,303.2851257324219
T2.10,0.0,303.3836669921875
T2.11,0.0,303.3659362792969
T2.12,0.0,303.1396179199219
T2.13,0.0,303.2851257324219
T2.14,0.0,303.3836669921875
T2.15,0.0,303.3659362792969
T2.16,0.0,303.1396179199219
T2.17,0.0,303.2851257324219
T2.18,0.0,303.3836669921875
T2.19,0.0,303.3659362792969
T2.20,0.0,303.1396179199219
T2.21,0.0,303.2851257324219
T2.22,0.0,303.3836669921875
T2.23,0.0,303.3659362792969
T2.24,0.0,303.1396179199219
T2.25,0.0,303.2851257324219
T2.26,0.0,303.3836669921875
T2.27,0.0,303.3659362792969
T2.28,0.0,303.1396179199219
T2.29,0.0,303.2851257324219
T2.30,0.0,303.3836669921875
T2.31,0.0,303.3659362792969
T2.32,0.0,303.1396179199219
T2.33,0.0,303.2851257324219
T2.34,0.0,303.3836669921875
T2.35,0.0,303.3659362792969
T2.36,0.0,303.1396179199219
T2.37,0.0,303.2851257324219
T2.38,0.0,303.3836669921875
T2.39,0.0,303.3659362792969
T2.40,0.0,303.1396179199219
T2.41,0.0,303.2851257324219
T2.42,0.0,303.3836669921875
T2.43,0.0,303.3659362792969
T2.44,0.0,303.1396179199219
T2.45,0.0,303.2851257324219
T2.46,0.0,303.3836669921875
T2.47,0.0,303.3659362792969
T2.48,0.0,303.1396179199219
T2.49,0.0,303.2851257324219
T2.50,0.0,303.3836669921875
T2.51,0.0,303.3659362792969
T2.52,0.0,303.1396179199219
T2.53,0.0,303.2851257324219
T2.54,0.0,303.3836669921875
T2.55,0.0,303.3659362792969
T2.56,0.0,303.1396179199219
T2.57,0.0,303.2851257324219
T2.58,0.0,303.3836669921875
T2.59,0.0,303.3659362792969
T2.60,0.0,303.1396179199219
T2.61,0.0,303.2851257324219
T2.62,0.0,303.3836669921875
T2.63,0.0,303.3659362792969
T2.64,0.0,303.1396179199219
T2.65,0.0,303.2851257324219
T2.66,0.0,303.3836669921875
T2.67,0.0,303.3659362792969
T2.68,0.0,303.1396179199219
T2.69,0.0,303.2851257324219
T2.70,0.0,303.3836669921875
T2.71,0.0,303.3659362792969
T2.72,0.0,303.1396179199219
T2.73,0.0,303.2851257324219
T2.74,0.0,303.3836669921875
T2.75,0.0,303.3659362792969
T2.76,0.0,303.1396179199219
T2.77,0.0,303.2851257324219
T2.78,0.0,303.3836669921875
T2.79,0.0,303.3659362792969
T2.80,0.0,303.1396179199219
T2.81,0.0,303.2851257324219
T2.82,0.0,303.3836669921875
T2.83,0.0,303.3659362792969
T2.84,0.0,303.1396179199219
T2.85,0.0,303.2851257324219
T2.86,0.0,303.3836669921875
T2.87,0.0,303.3659362792969
T2.88,0.0,303.1396179199219
T2.89,0.0,303.1566162109375
T2.90,0.0,303.2594299316406
T2.91,0.0,303.1368408203125
T2.92,0.0,302.4918518066406
T2.93,0.0,302.5014343261719
T2.94,0.0,302.51715087890625
T2.95,0.0,302.4998779296875
T2.96,0.0,302.4918518066406
T2.97,0.0,302.5014343261719
T2.98,0.0,302.51715087890625
T2.99,0.0,302.4998779296875
TH2,0.0,324.3849792480469
TH2.1,0.0,324.50494384765625
TH2.2,0.0,324.6546936035156
TH2.3,0.0,324.62554931640625
TH2.4,0.0,324.3849792480469
TH2.5,0.0,324.50494384765625
TH2.6,0.0,324.6546936035156
TH2.7,0.0,324.62554931640625
TH2.8,0.0,324.3849792480469
TH2.9,0.0,324.50494384765625
TH2.10,0.0,324.6546936035156
TH2.11,0.0,324.62554931640625
TH2.12,0.0,324.3849792480469
TH2.13,0.0,324.50494384765625
TH2.14,0.0,324.6546936035156
TH2.15,0.0,324.62554931640625
TH2.16,0.0,324.3849792480469
TH2.17,0.0,324.50494384765625
TH2.18,0.0,324.6546936035156
TH2.19,0.0,324.62554931640625
TH2.20,0.0,324.3849792480469
TH2.21,0.0,324.50494384765625
TH2.22,0.0,324.6546936035156
TH2.23,0.0,324.62554931640625
TH2.24,0.0,324.3849792480469
TH2.25,0.0,324.50494384765625
TH2.26,0.0,324.6546936035156
TH2.27,0.0,324.62554931640625
TH2.28,0.0,324.3849792480469
TH2.29,0.0,324.50494384765625
TH2.30,0.0,324.6546936035156
TH2.31,0.0,324.62554931640625
TH2.32,0.0,324.3849792480469
TH2.33,0.0,324.50494384765625
TH2.34,0.0,324.6546936035156
TH2.35,0.0,324.62554931640625
TH2.36,0.0,324.3849792480469
TH2.37,0.0,324.50494384765625
TH2.38,0.0,324.6546936035156
TH2.39,0.0,324.62554931640625
TH2.40,0.0,324.3849792480469
TH2.41,0.0,324.50494384765625
TH2.42,0.0,324.6546936035156
TH2.43,0.0,324.62554931640625
TH2.44,0.0,324.3849792480469
TH2.45,0.0,324.50494384765625
TH2.46,0.0,324.6546936035156
TH2.47,0.0,324.62554931640625
TH2.48,0.0,324.3849792480469
TH2.49,0.0,324.50494384765625
TH2.50,0.0,324.6546936035156
TH2.51,0.0,324.62554931640625
TH2.52,0.0,324.3849792480469
TH2.53,0.0,324.50494384765625
TH2.54,0.0,324.6546936035156
TH2.55,0.0,324.62554931640625
TH2.56,0.0,324.3849792480469
TH2.57,0.0,324.50494384765625
TH2.58,0.0,324.6546936035156
TH2.59,0.0,324.62554931640625
TH2.60,0.0,324.3849792480469
TH2.61,0.0,324.50494384765625
TH2.62,0.0,324.6546936035156
TH2.63,0.0,324.62554931640625
TH2.64,0.0,324.3849792480469
TH2.65,0.0,324.50494384765625
TH2.66,0.0,324.6546936035156
TH2.67,0.0,324.62554931640625
TH2.68,0.0,324.3849792480469
TH2.69,0.0,324.50494384765625
TH2.70,0.0,324.6546936035156
TH2.71,0.0,324.62554931640625
TH2.72,0.0,324.3849792480469
TH2.73,0.0,324.50494384765625
TH2.74,0.0,324.6546936035156
TH2.75,0.0,324.62554931640625
TH2.76,0.0,324.3849792480469
TH2.77,0.0,324.50494384765625
TH2.78,0.0,324.6546936035156
TH2.79,0.0,324.62554931640625
TH2.80,0.0,324.3849792480469
TH2.81,0.0,324.50494384765625
TH2.82,0.0,324.6546936035156
TH2.83,0.0,324.62554931640625
TH2.84,0.0,324.3849792480469
TH2.85,0.0,324.50494384765625
TH2.86,0.0,324.6546936035156
TH2.87,0.0,324.62554931640625
TH2.88,0.0,324.3849792480469
TH2.89,0.0,324.4395446777344
TH2.90,0.0,324.59381103515625
TH2.91,0.0,324.4510498046875
TH2.92,0.0,323.74078369140625
TH2.93,0.0,323.7834167480469
TH2.94,0.0,323.836669921875
TH2.95,0.0,323.8088073730469
TH2.96,0.0,323.74078369140625
TH2.97,0.0,323.7834167480469
TH2.98,0.0,323.836669921875
TH2.99,0.0,323.8088073730469
RAINNC,0.0,74.22674560546875
RAINNC.1,0.0,67.63688659667969
RAINNC.2,0.0,59.912010192871094
RAINNC.3,0.0,28.28386116027832
RAINNC.4,0.0,74.91175842285156
RAINNC.5,0.0,68.58547973632811
RAINNC.6,0.0,61.3150520324707
RAINNC.7,0.0,29.058818817138672
RAINNC.8,0.0,76.45703887939453
RAINNC.9,0.0,70.16486358642578
RAINNC.10,0.0,62.79782485961914
RAINNC.11,0.0,29.86406898498535
RAINNC.12,0.0,78.08391571044922
RAINNC.13,0.0,71.63693237304688
RAINNC.14,0.0,64.27227020263672
RAINNC.15,0.0,30.619304656982425
RAINNC.16,0.0,79.61268615722656
RAINNC.17,0.0,72.95934295654297
RAINNC.18,0.0,65.57907867431639
RAINNC.19,0.0,31.284873962402344
RAINNC.20,0.0,80.85822296142578
RAINNC.21,0.0,74.1500473022461
RAINNC.22,0.0,67.06782531738281
RAINNC.23,0.0,32.006202697753906
RAINNC.24,0.0,81.58142852783203
RAINNC.25,0.0,75.04634857177734
RAINNC.26,0.0,68.35284423828125
RAINNC.27,0.0,32.756988525390625
RAINNC.28,0.0,82.0291976928711
RAINNC.29,0.0,75.55903625488281
RAINNC.30,0.0,69.58489227294922
RAINNC.31,0.0,33.490707397460945
RAINNC.32,0.0,82.39096069335938
RAINNC.33,0.0,75.93598937988281
RAINNC.34,0.0,70.8902816772461
RAINNC.35,0.0,34.36520767211914
RAINNC.36,0.0,82.70291137695312
RAINNC.37,0.0,76.19723510742188
RAINNC.38,0.0,71.85962677001953
RAINNC.39,0.0,35.062389373779304
RAINNC.40,0.0,82.9202880859375
RAINNC.41,0.0,76.34935760498047
RAINNC.42,0.0,72.14264678955078
RAINNC.43,0.0,35.257747650146484
RAINNC.44,0.0,83.03720092773438
RAINNC.45,0.0,76.47860717773438
RAINNC.46,0.0,72.37230682373047
RAINNC.47,0.0,35.37301254272461
RAINNC.48,0.0,83.31897735595703
RAINNC.49,0.0,76.71979522705078
RAINNC.50,0.0,72.56819915771484
RAINNC.51,0.0,35.441123962402344
RAINNC.52,0.0,83.46464538574219
RAINNC.53,0.0,76.86315155029297
RAINNC.54,0.0,72.759033203125
RAINNC.55,0.0,35.52688980102539
RAINNC.56,0.0,83.52245330810547
RAINNC.57,0.0,76.94701385498047
RAINNC.58,0.0,72.86398315429688
RAINNC.59,0.0,35.57414627075195
RAINNC.60,0.0,83.57466888427734
RAINNC.61,0.0,77.08924865722656
RAINNC.62,0.0,72.98880767822266
RAINNC.63,0.0,35.647483825683594
RAINNC.64,0.0,83.62648010253906
RAINNC.65,0.0,77.20684051513672
RAINNC.66,0.0,73.05194854736328
RAINNC.67,0.0,35.6628532409668
RAINNC.68,0.0,83.65292358398438
RAINNC.69,0.0,77.24899291992188
RAINNC.70,0.0,73.08261108398438
RAINNC.71,0.0,35.98711013793945
RAINNC.72,0.0,85.90308380126953
RAINNC.73,0.0,78.33719635009766
RAINNC.74,0.0,73.95435333251953
RAINNC.75,0.0,37.43932342529297
RAINNC.76,0.0,88.57799530029297
RAINNC.77,0.0,80.59907531738281
RAINNC.78,0.0,76.79387664794922
RAINNC.79,0.0,38.95718002319336
RAINNC.80,0.0,91.15231323242188
RAINNC.81,0.0,82.85991668701172
RAINNC.82,0.0,79.81524658203125
RAINNC.83,0.0,40.52711486816406
RAINNC.84,0.0,93.43061065673828
RAINNC.85,0.0,85.05994415283203
RAINNC.86,0.0,82.69986724853516
RAINNC.87,0.0,42.01584243774414
RAINNC.88,0.0,95.8734359741211
RAINNC.89,0.0,87.23196411132812
RAINNC.90,0.0,84.98550415039062
RAINNC.91,0.0,43.13423156738281
RAINNC.92,0.0,98.30951690673828
RAINNC.93,0.0,89.59347534179688
RAINNC.94,0.0,87.62861633300781
RAINNC.95,0.0,44.38547134399414
RAINNC.96,0.0,100.7859878540039
RAINNC.97,0.0,91.96516418457031
RAINNC.98,0.0,90.07344818115234
RAINNC.99,0.0,45.59465026855469
PBLH,0.0,4078.9219
PBLH.1,0.0,4067.5625
PBLH.2,0.0,4207.684
PBLH.3,0.0,4233.677
PBLH.4,0.0,4078.9219
PBLH.5,0.0,4067.5625
PBLH.6,0.0,4207.684
PBLH.7,0.0,4233.677
PBLH.8,0.0,4078.9219
PBLH.9,0.0,4067.5625
PBLH.10,0.0,4207.684
PBLH.11,0.0,4233.677
PBLH.12,0.0,4078.9219
PBLH.13,0.0,4067.5625
PBLH.14,0.0,4207.684
PBLH.15,0.0,4233.677
PBLH.16,0.0,4078.9219
PBLH.17,0.0,4067.5625
PBLH.18,0.0,4207.684
PBLH.19,0.0,4233.677
PBLH.20,0.0,4078.9219
PBLH.21,0.0,4067.5625
PBLH.22,0.0,4207.684
PBLH.23,0.0,4233.677
PBLH.24,0.0,4078.9219
PBLH.25,0.0,4067.5625
PBLH.26,0.0,4207.684
PBLH.27,0.0,4233.677
PBLH.28,0.0,4078.9219
PBLH.29,0.0,4067.5625
PBLH.30,0.0,4207.684
PBLH.31,0.0,4233.677
PBLH.32,0.0,4078.9219
PBLH.33,0.0,4067.5625
PBLH.34,0.0,4207.684
PBLH.35,0.0,4233.677
PBLH.36,0.0,4078.9219
PBLH.37,0.0,4067.5625
PBLH.38,0.0,4207.684
PBLH.39,0.0,4233.677
PBLH.40,0.0,4078.9219
PBLH.41,0.0,4067.5625
PBLH.42,0.0,4207.684
PBLH.43,0.0,4233.677
PBLH.44,0.0,4078.9219
PBLH.45,0.0,4067.5625
PBLH.46,0.0,4207.684
PBLH.47,0.0,4233.677
PBLH.48,0.0,4078.9219
PBLH.49,0.0,4067.5625
PBLH.50,0.0,4207.684
PBLH.51,0.0,4233.677
PBLH.52,0.0,4078.9219
PBLH.53,0.0,4067.5625
PBLH.54,0.0,4207.684
PBLH.55,0.0,4233.677
PBLH.56,0.0,4078.9219
PBLH.57,0.0,4067.5625
PBLH.58,0.0,4207.684
PBLH.59,0.0,4233.677
PBLH.60,0.0,4078.9219
PBLH.61,0.0,4067.5625
PBLH.62,0.0,4207.684
PBLH.63,0.0,4233.677
PBLH.64,0.0,4078.9219
PBLH.65,0.0,4067.5625
PBLH.66,0.0,4207.684
PBLH.67,0.0,4233.677
PBLH.68,0.0,4078.9219
PBLH.69,0.0,4067.5625
PBLH.70,0.0,4207.684
PBLH.71,0.0,4233.677
PBLH.72,0.0,4078.9219
PBLH.73,0.0,4067.5625
PBLH.74,0.0,4207.684
PBLH.75,0.0,4233.677
PBLH.76,0.0,4078.9219
PBLH.77,0.0,4067.5625
PBLH.78,0.0,4207.684
PBLH.79,0.0,4233.677
PBLH.80,0.0,4078.9219
PBLH.81,0.0,4067.5625
PBLH.82,0.0,4207.684
PBLH.83,0.0,4233.677
PBLH.84,0.0,3996.7632
PBLH.85,0.0,3985.4172
PBLH.86,0.0,4113.149
PBLH.87,0.0,4166.6206
PBLH.88,0.0,4021.918
PBLH.89,0.0,4104.766
PBLH.90,0.0,4093.782958984375
PBLH.91,0.0,4144.19384765625
PBLH.92,0.0,4079.3804
PBLH.93,0.0,4170.4224
PBLH.94,0.0,4035.1875
PBLH.95,0.0,4067.792724609375
PBLH.96,0.0,4079.3804
PBLH.97,0.0,4170.4224
PBLH.98,0.0,4035.1875
PBLH.99,0.0,4004.314697265625
SWDOWN,0.0,1156.0447
SWDOWN.1,0.0,1153.4634
SWDOWN.2,0.0,1152.228
SWDOWN.3,0.0,1151.7003
SWDOWN.4,0.0,1156.0447
SWDOWN.5,0.0,1153.4634
SWDOWN.6,0.0,1152.228
SWDOWN.7,0.0,1151.7003
SWDOWN.8,0.0,1156.0447
SWDOWN.9,0.0,1153.4634
SWDOWN.10,0.0,1152.228
SWDOWN.11,0.0,1151.7003
SWDOWN.12,0.0,1156.0447
SWDOWN.13,0.0,1153.4634
SWDOWN.14,0.0,1152.228
SWDOWN.15,0.0,1151.7003
SWDOWN.16,0.0,1156.0447
SWDOWN.17,0.0,1153.4634
SWDOWN.18,0.0,1152.228
SWDOWN.19,0.0,1151.7003
SWDOWN.20,0.0,1156.0447
SWDOWN.21,0.0,1153.4634
SWDOWN.22,0.0,1152.228
SWDOWN.23,0.0,1151.7003
SWDOWN.24,0.0,1156.0447
SWDOWN.25,0.0,1153.4634
SWDOWN.26,0.0,1152.228
SWDOWN.27,0.0,1151.7003
SWDOWN.28,0.0,1156.0447
SWDOWN.29,0.0,1153.4634
SWDOWN.30,0.0,1152.228
SWDOWN.31,0.0,1151.7003
SWDOWN.32,0.0,1156.0447
SWDOWN.33,0.0,1153.4634
SWDOWN.34,0.0,1152.228
SWDOWN.35,0.0,1151.7003
SWDOWN.36,0.0,1156.0447
SWDOWN.37,0.0,1153.4634
SWDOWN.38,0.0,1152.228
SWDOWN.39,0.0,1151.7003
SWDOWN.40,0.0,1153.4259
SWDOWN.41,0.0,1151.5532
SWDOWN.42,0.0,1152.0801
SWDOWN.43,0.0,1151.7003
SWDOWN.44,0.0,1156.0447
SWDOWN.45,0.0,1153.4634
SWDOWN.46,0.0,1152.228
SWDOWN.47,0.0,1151.7003
SWDOWN.48,0.0,1156.0447
SWDOWN.49,0.0,1153.4634
SWDOWN.50,0.0,1152.228
SWDOWN.51,0.0,1151.7003
SWDOWN.52,0.0,1156.0447
SWDOWN.53,0.0,1153.4634
SWDOWN.54,0.0,1152.228
SWDOWN.55,0.0,1151.7003
SWDOWN.56,0.0,1156.0447
SWDOWN.57,0.0,1153.4634
SWDOWN.58,0.0,1152.228
SWDOWN.59,0.0,1151.7003
SWDOWN.60,0.0,1156.0447
SWDOWN.61,0.0,1153.4634
SWDOWN.62,0.0,1152.228
SWDOWN.63,0.0,1151.7003
SWDOWN.64,0.0,1156.0447
SWDOWN.65,0.0,1153.4634
SWDOWN.66,0.0,1152.228
SWDOWN.67,0.0,1151.7003
SWDOWN.68,0.0,1156.0447
SWDOWN.69,0.0,1153.4634
SWDOWN.70,0.0,1152.228
SWDOWN.71,0.0,1151.4607
SWDOWN.72,0.0,1156.0447
SWDOWN.73,0.0,1153.4634
SWDOWN.74,0.0,1152.228
SWDOWN.75,0.0,1151.4607
SWDOWN.76,0.0,1156.0447
SWDOWN.77,0.0,1153.4634
SWDOWN.78,0.0,1152.228
SWDOWN.79,0.0,1151.4607
SWDOWN.80,0.0,1155.2599
SWDOWN.81,0.0,1154.4305
SWDOWN.82,0.0,1154.606
SWDOWN.83,0.0,1157.0317
SWDOWN.84,0.0,1155.2599
SWDOWN.85,0.0,1154.4305
SWDOWN.86,0.0,1154.606
SWDOWN.87,0.0,1157.0317
SWDOWN.88,0.0,1155.2599
SWDOWN.89,0.0,1154.4305
SWDOWN.90,0.0,1154.606
SWDOWN.91,0.0,1157.0317
SWDOWN.92,0.0,1155.2599
SWDOWN.93,0.0,1154.4305
SWDOWN.94,0.0,1154.606
SWDOWN.95,0.0,1157.0317
SWDOWN.96,0.0,1155.2599
SWDOWN.97,0.0,1154.4305
SWDOWN.98,0.0,1154.606
SWDOWN.99,0.0,1157.0317
GLW,0.0,402.4445495605469
GLW.1,0.0,402.8642883300781
GLW.2,0.0,405.9123229980469
GLW.3,0.0,406.89032
GLW.4,0.0,402.4445495605469
GLW.5,0.0,402.8642883300781
GLW.6,0.0,405.9123229980469
GLW.7,0.0,406.89032
GLW.8,0.0,402.4445495605469
GLW.9,0.0,402.8642883300781
GLW.10,0.0,405.9123229980469
GLW.11,0.0,406.89032
GLW.12,0.0,402.4445495605469
GLW.13,0.0,402.8642883300781
GLW.14,0.0,405.9123229980469
GLW.15,0.0,406.89032
GLW.16,0.0,402.4445495605469
GLW.17,0.0,402.8642883300781
GLW.18,0.0,405.9123229980469
GLW.19,0.0,406.89032
GLW.20,0.0,402.4445495605469
GLW.21,0.0,402.8642883300781
GLW.22,0.0,405.9123229980469
GLW.23,0.0,406.89032
GLW.24,0.0,402.4445495605469
GLW.25,0.0,402.8642883300781
GLW.26,0.0,405.9123229980469
GLW.27,0.0,406.89032
GLW.28,0.0,402.4445495605469
GLW.29,0.0,402.8642883300781
GLW.30,0.0,405.9123229980469
GLW.31,0.0,406.89032
GLW.32,0.0,402.4445495605469
GLW.33,0.0,402.8642883300781
GLW.34,0.0,405.9123229980469
GLW.35,0.0,406.89032
GLW.36,0.0,402.4445495605469
GLW.37,0.0,402.8642883300781
GLW.38,0.0,405.9123229980469
GLW.39,0.0,406.89032
GLW.40,0.0,402.4445495605469
GLW.41,0.0,402.8642883300781
GLW.42,0.0,405.9123229980469
GLW.43,0.0,406.89032
GLW.44,0.0,402.4445495605469
GLW.45,0.0,402.8642883300781
GLW.46,0.0,405.9123229980469
GLW.47,0.0,406.89032
GLW.48,0.0,402.4445495605469
GLW.49,0.0,402.8642883300781
GLW.50,0.0,405.9123229980469
GLW.51,0.0,406.89032
GLW.52,0.0,402.4445495605469
GLW.53,0.0,402.8642883300781
GLW.54,0.0,405.9123229980469
GLW.55,0.0,406.89032
GLW.56,0.0,402.4445495605469
GLW.57,0.0,402.8642883300781
GLW.58,0.0,405.9123229980469
GLW.59,0.0,406.89032
GLW.60,0.0,402.4445495605469
GLW.61,0.0,402.8642883300781
GLW.62,0.0,405.9123229980469
GLW.63,0.0,406.89032
GLW.64,0.0,402.4445495605469
GLW.65,0.0,402.8642883300781
GLW.66,0.0,405.9123229980469
GLW.67,0.0,406.89032
GLW.68,0.0,402.4445495605469
GLW.69,0.0,402.8642883300781
GLW.70,0.0,405.9123229980469
GLW.71,0.0,406.89032
GLW.72,0.0,402.4445495605469
GLW.73,0.0,402.8642883300781
GLW.74,0.0,405.9123229980469
GLW.75,0.0,406.89032
GLW.76,0.0,400.8227844238281
GLW.77,0.0,402.8642883300781
GLW.78,0.0,405.9123229980469
GLW.79,0.0,406.89032
GLW.80,0.0,400.8227844238281
GLW.81,0.0,402.8642883300781
GLW.82,0.0,406.19952392578125
GLW.83,0.0,406.89032
GLW.84,0.0,405.1151123046875
GLW.85,0.0,402.1534423828125
GLW.86,0.0,409.3811340332031
GLW.87,0.0,409.9527282714844
GLW.88,0.0,407.0736389160156
GLW.89,0.0,404.35040283203125
GLW.90,0.0,409.3811340332031
GLW.91,0.0,409.9527282714844
GLW.92,0.0,407.0736389160156
GLW.93,0.0,404.35040283203125
GLW.94,0.0,409.3811340332031
GLW.95,0.0,409.9527282714844
GLW.96,0.0,407.0736389160156
GLW.97,0.0,404.35040283203125
GLW.98,0.0,409.3811340332031
GLW.99,0.0,409.9527282714844
